x,y,class
3.681406868644733,8.053600054677435,group1
2.645363473172485,20.39684181376511,group1
4.923486631641828,7.571606910878625,group1
3.2087605342701124,6.0910998689859746,group1
2.828956296063285,9.948247120532315,group1
3.9805765780963,1.196430007151073,group1
0.19896850878498462,5.701095140046967,group1
2.435462525944794,8.311721092110503,group1
2.9818007618694313,0.16378719938947217,group1
2.057356758301051,8.157672526285252,group1
-1.3991722356338423,3.948980143327432,group1
2.8935839072811924,2.8582511143214964,group1
1.573583671390504,5.546571106708373,group1
3.9870801329356698,10.869535796598214,group1
0.17562497781203223,10.224551275253088,group1
3.0265978087331304,9.18835399825274,group1
3.2804558326217754,10.408785937430473,group1
3.0488649977916116,3.476257420357796,group1
3.66577372138941,0.400716803940278,group1
2.211686907828337,-0.21581122589975976,group1
2.02032121125868,0.8690033627112177,group1
2.1976634371041364,4.801894001571965,group1
2.8201170647630933,6.269205091856043,group1
1.7579353127263897,3.326444687041728,group1
7.615714416547767,10.31704352435047,group1
1.884445416509345,2.1693625173713733,group1
6.532751863115194,5.707945022999454,group1
1.622436250843161,7.872215131674113,group1
0.9929547602287458,10.261722376224549,group1
2.3510068195421123,11.058660711201945,group1
10.64945664228079,1.7879131593840913,group2
1.9008294021081609,3.22372463471598,group2
7.149206564320217,4.562426838234381,group2
6.9185565669830975,5.307643333062433,group2
10.069001677748764,0.6809588027335618,group2
3.453071527892998,1.5570846599624173,group2
5.869463296151067,8.523243033590505,group2
9.341965474725182,4.276115765274585,group2
10.574078774310673,5.890268377317142,group2
4.0561983097420455,-0.8453560101987714,group2
5.804567048975021,-0.5981475682088115,group2
5.667212102159418,-3.2283262118703977,group2
5.937714910377764,3.5563194549589707,group2
2.5874623404187695,2.156809029041815,group2
-2.5087255580004904,6.911951938232947,group2
1.1567347125147247,5.0018062570888695,group2
9.860809800851742,0.6922358152413857,group2
9.521377090857909,0.8492733655224205,group2
5.3873010062126125,2.3522730811901114,group2
9.132736328640107,8.675628871059526,group2
4.715446323453618,4.752745641409261,group2
5.773599882256866,1.6260557125878692,group2
3.677378728900527,3.17600847480264,group2
7.448736636694151,4.635500003751377,group2
3.008145713029404,-2.4376216771782424,group2
9.674803997857357,7.578550891073463,group2
6.267093035827723,3.970728559840894,group2
4.525064890373206,2.182739105984867,group2
4.129123121938255,-1.452575742319162,group2
4.414509281919461,8.150731809444924,group2
3.624016498150934,-1.2541678769641225,group2
6.903222118414017,-0.34360782353080044,group2
7.174480001891907,5.283375353526241,group2
11.660797784259836,6.939385647752207,group2
5.849122741262768,6.295220449626942,group2
1.7087301409033602,7.963192384629925,group2
3.9113961156491506,7.226350329367788,group2
4.158026004298093,4.755869212215364,group2
-0.4628199220998326,2.29588283841994,group2
5.964998639642918,4.82484435759444,group2
9.189363826575148,-1.9436711536213696,group1
9.20836108133028,4.2233310622606135,group1
8.455053511864888,0.18346867422677104,group1
8.793109368380339,1.209920303204989,group1
10.49075759655548,3.7757075585820727,group1
9.82307693141344,-0.15729398891831892,group1
5.8146680478790564,4.556218896022055,group1
4.621806041600616,1.5636451459051466,group1
8.397394956133416,3.662913615494834,group1
12.105984300432421,1.6735334987390689,group1
